URL,Count
"https://local.adguard.org/","8"
"https://www.pietsmiet.de/assets/images/pietsmiet/icons/default-512.png","6"
"https://www.pietsmiet.de/assets/images/pietsmiet/icons/default-180.png","5"
"https://www.pietsmiet.de/dist/pietsmiet/css/app.893d80b96999fb596419.css","5"
"https://jubbie.de/","4"
"https://challenges.cloudflare.com/cdn-cgi/challenge-platform/h/g/cmg/1/B%2BaLqXscFJTTpmaLg%2Bd4Jr5W%2BGTnN9B1iDkkVp6q27g%3D","4"
"https://www.pietsmiet.de/dist/pietsmiet/js/app.js","4"
"https://www.pietsmiet.de/assets/footer-background-dark.svg","3"
"https://www.pietsmiet.de/api/v1/modules","3"
"https://www.pietsmiet.de/api/v1/utility/autobahn","3"
"https://rsms.me/inter/inter.css","2"
"https://www.pietsmiet.de/dist/pietsmiet/manifest.json","2"
"https://rsms.me/inter/font-files/Inter-Regular.woff2","2"
"https://challenges.cloudflare.com/cdn-cgi/challenge-platform/h/g/flow/ov1/205061013:1712208952:yzPufxLrUNfQFQKkstuWI1ojyxY3FvobPBohyKEjUZY/86ef0c9aacf61973/98f9eb9a0e7d2ca","2"
"https://challenges.cloudflare.com/cdn-cgi/challenge-platform/h/g/flow/ov1/1432635141:1712208668:s72MkL8lIkksarjQYF2gGhb_24Rl_E9r52JkQY9IhQo/86ef0c2dde6b1973/87610bbd8015634","2"
"https://www.pietsmiet.de/assets/footer-background.svg","2"
"https://rsms.me/inter/font-files/Inter-Medium.woff2","2"
"https://www.pietsmiet.de/assets/pietsmiet/placeholder-16-9.jpg","2"
"https://rsms.me/inter/font-files/Inter-SemiBold.woff2","2"
"https://www.pietsmiet.de/assets/pietsmiet/brand/icon.svg","2"
"https://challenges.cloudflare.com/cdn-cgi/challenge-platform/h/g/orchestrate/chl_api/v1","2"
"https://cmp.inmobi.com/tcfv2/cmp2.js","2"
"https://cmp.inmobi.com/choice/BmUThfp2C9AKr/pietsmiet.de/choice.js","2"
"https://rsms.me/inter/font-files/Inter-Bold.woff2","2"
"https://lft1.pietcdn.de/dash/6f/2c/0e/,9c47dc325a96463678f83e182c496fc0,956c952686bee01d0602f05bd5460765,f5715f22ffee64599dbcd1fc09594616,1c0c2f351e996e26e752b36ec04b2aff,f677324e66820465d1428d53a7f572ba,bfda58408f95542e6bbf40d7fe4cd053,a5e507ed71193c2fee7c631fc97ca2aa,.mp4.us/f-4-f1-a1-x3.m4s","1"
"https://unpkg.com/ionicons@5.5.2/dist/ionicons/ionicons.esm.js","1"
"https://lft1.pietcdn.de/dash/6f/2c/0e/,9c47dc325a96463678f83e182c496fc0,956c952686bee01d0602f05bd5460765,f5715f22ffee64599dbcd1fc09594616,1c0c2f351e996e26e752b36ec04b2aff,f677324e66820465d1428d53a7f572ba,bfda58408f95542e6bbf40d7fe4cd053,a5e507ed71193c2fee7c631fc97ca2aa,.mp4.us/f-18-f1-a1-x3.m4s","1"
"https://imasdk.googleapis.com/js/sdkloader/ima3.js","1"
"https://lft1.pietcdn.de/dash/6f/2c/0e/,9c47dc325a96463678f83e182c496fc0,956c952686bee01d0602f05bd5460765,f5715f22ffee64599dbcd1fc09594616,1c0c2f351e996e26e752b36ec04b2aff,f677324e66820465d1428d53a7f572ba,bfda58408f95542e6bbf40d7fe4cd053,a5e507ed71193c2fee7c631fc97ca2aa,.mp4.us/f-20-f1-a1-x3.m4s","1"
"https://lft1.pietcdn.de/dash/6f/2c/0e/,9c47dc325a96463678f83e182c496fc0,956c952686bee01d0602f05bd5460765,f5715f22ffee64599dbcd1fc09594616,1c0c2f351e996e26e752b36ec04b2aff,f677324e66820465d1428d53a7f572ba,bfda58408f95542e6bbf40d7fe4cd053,a5e507ed71193c2fee7c631fc97ca2aa,.mp4.us/f-7-f1-a1-x3.m4s","1"
"https://lft1.pietcdn.de/dash/6f/2c/0e/,9c47dc325a96463678f83e182c496fc0,956c952686bee01d0602f05bd5460765,f5715f22ffee64599dbcd1fc09594616,1c0c2f351e996e26e752b36ec04b2aff,f677324e66820465d1428d53a7f572ba,bfda58408f95542e6bbf40d7fe4cd053,a5e507ed71193c2fee7c631fc97ca2aa,.mp4.us/i-f1-v1-x3.mp4","1"
"https://www.pietsmiet.de/assets/player/float-green.svg","1"
"https://lft1.pietcdn.de/dash/6f/2c/0e/,9c47dc325a96463678f83e182c496fc0,956c952686bee01d0602f05bd5460765,f5715f22ffee64599dbcd1fc09594616,1c0c2f351e996e26e752b36ec04b2aff,f677324e66820465d1428d53a7f572ba,bfda58408f95542e6bbf40d7fe4cd053,a5e507ed71193c2fee7c631fc97ca2aa,.mp4.us/f-2-f1-v1-x3.m4s","1"
"https://www.pietsmiet.de/img/32e41df3cd21e2fe33d377c8c9543a2a0ceef19a.jpg","1"
"https://lft1.pietcdn.de/dash/6f/2c/0e/,9c47dc325a96463678f83e182c496fc0,956c952686bee01d0602f05bd5460765,f5715f22ffee64599dbcd1fc09594616,1c0c2f351e996e26e752b36ec04b2aff,f677324e66820465d1428d53a7f572ba,bfda58408f95542e6bbf40d7fe4cd053,a5e507ed71193c2fee7c631fc97ca2aa,.mp4.us/f-13-f1-v1-x3.m4s","1"
"https://challenges.cloudflare.com/cdn-cgi/challenge-platform/h/g/i/86ef0c9aacf61973/1712210125205/XrshtqmJ2Wn8izO","1"
"https://www.pietsmiet.de/dist/pietsmiet/js/components-video.js","1"
"https://www.pietsmiet.de/dist/shared/ionicons/svg/close.svg","1"
"https://www.pietsmiet.de/img/8cd889bb7ee6bb61720d7563fc0b54f6fba2669e.jpg","1"
"https://rsms.me/inter/font-files/Inter-Black.woff2","1"
"https://www.pietsmiet.de/dist/shared/kaltura/playkit-ima.js","1"
"https://www.pietsmiet.de/img/318d081e206b5448b550bc09aa3143507880c8b3.jpg","1"
"https://lft1.pietcdn.de/dash/6f/2c/0e/,9c47dc325a96463678f83e182c496fc0,956c952686bee01d0602f05bd5460765,f5715f22ffee64599dbcd1fc09594616,1c0c2f351e996e26e752b36ec04b2aff,f677324e66820465d1428d53a7f572ba,bfda58408f95542e6bbf40d7fe4cd053,a5e507ed71193c2fee7c631fc97ca2aa,.mp4.us/f-15-f1-v1-x3.m4s","1"
"https://challenges.cloudflare.com/cdn-cgi/challenge-platform/h/g/turnstile/if/ov2/av0/rcv0/0/yn02v/0x4AAAAAAAAkiKR24zBmokJ4/auto/normal","1"
"https://challenges.cloudflare.com/turnstile/v0/api.js","1"
"https://widgets.outbrain.com/outbrain.js","1"
"https://www.pietsmiet.de/img/80326be3ed4e246b4165d4b6ff50d186647faa6b.jpg","1"
"https://lft1.pietcdn.de/dash/6f/2c/0e/,9c47dc325a96463678f83e182c496fc0,956c952686bee01d0602f05bd5460765,f5715f22ffee64599dbcd1fc09594616,1c0c2f351e996e26e752b36ec04b2aff,f677324e66820465d1428d53a7f572ba,bfda58408f95542e6bbf40d7fe4cd053,a5e507ed71193c2fee7c631fc97ca2aa,.mp4.us/f-15-f1-a1-x3.m4s","1"
"https://www.pietsmiet.de/img/9ac1b353a1efe8020f9a2e5e79a54601a9c4f6dc.jpg","1"
"https://www.pietsmiet.de/dist/shared/ionicons/svg/film.svg","1"
"https://www.pietsmiet.de/img/3fbe31eda7cd8b15dd74d75a568f294b135d888b.jpg","1"
"https://www.pietsmiet.de/dist/shared/ionicons/svg/caret-forward.svg","1"
"https://challenges.cloudflare.com/cdn-cgi/challenge-platform/h/g/turnstile/if/ov2/av0/rcv1/LgjrycEEA8PT3fG/yn02v/0x4AAAAAAAAkiKR24zBmokJ4/auto/normal","1"
"https://www.pietsmiet.de/img/d31268dcdd78dd644759e319fee53064db64f0fb.jpg","1"
"https://www.pietsmiet.de/dist/shared/ionicons/p-3f680f7e.js","1"
"https://www.pietsmiet.de/api/v1/videos","1"
"https://data-c53e1346fa.pietsmiet.de/iomm/latest/bootstrap/loader.js","1"
"https://lft1.pietcdn.de/dash/6f/2c/0e/,9c47dc325a96463678f83e182c496fc0,956c952686bee01d0602f05bd5460765,f5715f22ffee64599dbcd1fc09594616,1c0c2f351e996e26e752b36ec04b2aff,f677324e66820465d1428d53a7f572ba,bfda58408f95542e6bbf40d7fe4cd053,a5e507ed71193c2fee7c631fc97ca2aa,.mp4.us/f-6-f1-a1-x3.m4s","1"
"https://www.pietsmiet.de/dist/shared/ionicons/svg/caret-down.svg","1"
"https://www.pietsmiet.de/dist/shared/ionicons/p-e26ac56f.js","1"
"https://lft1.pietcdn.de/dash/6f/2c/0e/,9c47dc325a96463678f83e182c496fc0,956c952686bee01d0602f05bd5460765,f5715f22ffee64599dbcd1fc09594616,1c0c2f351e996e26e752b36ec04b2aff,f677324e66820465d1428d53a7f572ba,bfda58408f95542e6bbf40d7fe4cd053,a5e507ed71193c2fee7c631fc97ca2aa,.mp4.us/f-1-f1-v1-x3.m4s","1"
"https://lft1.pietcdn.de/dash/6f/2c/0e/,9c47dc325a96463678f83e182c496fc0,956c952686bee01d0602f05bd5460765,f5715f22ffee64599dbcd1fc09594616,1c0c2f351e996e26e752b36ec04b2aff,f677324e66820465d1428d53a7f572ba,bfda58408f95542e6bbf40d7fe4cd053,a5e507ed71193c2fee7c631fc97ca2aa,.mp4.us/f-3-f1-v1-x3.m4s","1"
"https://www.pietsmiet.de/img/55e10fc7c6c5c1be380227c99bfd71dfbf4aa447.jpg","1"
"https://www.pietsmiet.de/img/706c39f90563e21a7efe7dbf7aab8eb2dbfbd1f4.jpg","1"
"https://www.pietsmiet.de/img/be4303db1607225e133d21a7c4067d2ee9924885.jpg","1"
"https://lft1.pietcdn.de/dash/6f/2c/0e/,9c47dc325a96463678f83e182c496fc0,956c952686bee01d0602f05bd5460765,f5715f22ffee64599dbcd1fc09594616,1c0c2f351e996e26e752b36ec04b2aff,f677324e66820465d1428d53a7f572ba,bfda58408f95542e6bbf40d7fe4cd053,a5e507ed71193c2fee7c631fc97ca2aa,.mp4.us/f-5-f1-v1-x3.m4s","1"
"https://lft1.pietcdn.de/dash/6f/2c/0e/,9c47dc325a96463678f83e182c496fc0,956c952686bee01d0602f05bd5460765,f5715f22ffee64599dbcd1fc09594616,1c0c2f351e996e26e752b36ec04b2aff,f677324e66820465d1428d53a7f572ba,bfda58408f95542e6bbf40d7fe4cd053,a5e507ed71193c2fee7c631fc97ca2aa,.mp4.us/f-21-f1-a1-x3.m4s","1"
"https://www.pietsmiet.de/api/v1/videos/authors","1"
"https://www.pietsmiet.de/dist/shared/ionicons/svg/search.svg","1"
"https://www.pietsmiet.de/dist/shared/ionicons/svg/bug.svg","1"
"https://www.pietsmiet.de/api/v1/livestreams","1"
"https://challenges.cloudflare.com/cdn-cgi/challenge-platform/h/g/pat/86ef0c2dde6b1973/1712210108219/2e17c3cbbc25f65ecd59c82aa8a9dd9a8e2d18f6cd314df968751117b7b8eab8/R3WzF_PyYr5xBUP","1"
"https://www.pietsmiet.de/dist/shared/ionicons/svg/rocket.svg","1"
"https://lft1.pietcdn.de/dash/6f/2c/0e/,9c47dc325a96463678f83e182c496fc0,956c952686bee01d0602f05bd5460765,f5715f22ffee64599dbcd1fc09594616,1c0c2f351e996e26e752b36ec04b2aff,f677324e66820465d1428d53a7f572ba,bfda58408f95542e6bbf40d7fe4cd053,a5e507ed71193c2fee7c631fc97ca2aa,.mp4.us/f-3-f1-a1-x3.m4s","1"
"https://lft1.pietcdn.de/dash/6f/2c/0e/,9c47dc325a96463678f83e182c496fc0,956c952686bee01d0602f05bd5460765,f5715f22ffee64599dbcd1fc09594616,1c0c2f351e996e26e752b36ec04b2aff,f677324e66820465d1428d53a7f572ba,bfda58408f95542e6bbf40d7fe4cd053,a5e507ed71193c2fee7c631fc97ca2aa,.mp4.us/f-8-f1-v1-x3.m4s","1"
"https://lft1.pietcdn.de/dash/6f/2c/0e/,9c47dc325a96463678f83e182c496fc0,956c952686bee01d0602f05bd5460765,f5715f22ffee64599dbcd1fc09594616,1c0c2f351e996e26e752b36ec04b2aff,f677324e66820465d1428d53a7f572ba,bfda58408f95542e6bbf40d7fe4cd053,a5e507ed71193c2fee7c631fc97ca2aa,.mp4.us/f-1-f1-a1-x3.m4s","1"
"https://www.pietsmiet.de/dist/shared/kaltura/playkit-cast-sender.js","1"
"https://lft1.pietcdn.de/dash/6f/2c/0e/,9c47dc325a96463678f83e182c496fc0,956c952686bee01d0602f05bd5460765,f5715f22ffee64599dbcd1fc09594616,1c0c2f351e996e26e752b36ec04b2aff,f677324e66820465d1428d53a7f572ba,bfda58408f95542e6bbf40d7fe4cd053,a5e507ed71193c2fee7c631fc97ca2aa,.mp4.us/f-11-f1-a1-x3.m4s","1"
"https://www.pietsmiet.de/dist/pietsmiet/js/routes-podcast.js","1"
"https://local.adguard.org/adguard-ajax-api/api","1"
"https://challenges.cloudflare.com/cdn-cgi/challenge-platform/h/g/i/86ef0c2dde6b1973/1712210108220/4bnS0szKlthXutp","1"
"https://static-cdn.jtvnw.net/previews-ttv/live_user_pietsmiettv-320x180.jpg","1"
"https://www.pietsmiet.de/dist/shared/kaltura/kaltura-ovp-player.js","1"
"https://www.pietsmiet.de/img/332c8d953e433d33e2b59194f8979712ff6ad8b7.jpg","1"
"https://lft1.pietcdn.de/dash/6f/2c/0e/,9c47dc325a96463678f83e182c496fc0,956c952686bee01d0602f05bd5460765,f5715f22ffee64599dbcd1fc09594616,1c0c2f351e996e26e752b36ec04b2aff,f677324e66820465d1428d53a7f572ba,bfda58408f95542e6bbf40d7fe4cd053,a5e507ed71193c2fee7c631fc97ca2aa,.mp4.us/f-20-f1-v1-x3.m4s","1"
"https://www.pietsmiet.de/img/cf50058cd285dc7db60cf427b5fc20d219f15d82.jpg","1"
"https://www.pietsmiet.de/dist/shared/ionicons/svg/caret-up.svg","1"
"https://www.pietsmiet.de/dist/pietsmiet/js/routes-videos-show.js","1"
"https://www.pietsmiet.de/dist/shared/ionicons/svg/open.svg","1"
"https://www.pietsmiet.de/api/v1/videos/clips","1"
"https://www.pietsmiet.de/vendor/webedia/wbd_dfp.4e7cae62.js","1"
"https://www.pietsmiet.de/dist/shared/ionicons/svg/share.svg","1"
"https://www.pietsmiet.de/dist/shared/ionicons/svg/heart.svg","1"
"https://www.pietsmiet.de/api/v1/promotions","1"
"https://www.pietsmiet.de/oauth/authorize","1"
"https://lft1.pietcdn.de/dash/6f/2c/0e/,9c47dc325a96463678f83e182c496fc0,956c952686bee01d0602f05bd5460765,f5715f22ffee64599dbcd1fc09594616,1c0c2f351e996e26e752b36ec04b2aff,f677324e66820465d1428d53a7f572ba,bfda58408f95542e6bbf40d7fe4cd053,a5e507ed71193c2fee7c631fc97ca2aa,.mp4.us/f-19-f1-v1-x3.m4s","1"
"https://www.pietsmiet.de/img/4c4f7f6f37c5c8b378435a5d589d34fb49c5c9f6.jpg","1"
"https://cdn.lib.getjad.io/library/35853227/DE_Pietsmiet","1"
"https://pietcdn.de/dash/6f/2c/0e/,9c47dc325a96463678f83e182c496fc0,956c952686bee01d0602f05bd5460765,f5715f22ffee64599dbcd1fc09594616,1c0c2f351e996e26e752b36ec04b2aff,f677324e66820465d1428d53a7f572ba,bfda58408f95542e6bbf40d7fe4cd053,a5e507ed71193c2fee7c631fc97ca2aa,.mp4.us/dmf.mpd","1"
"https://www.pietsmiet.de/dist/shared/ionicons/svg/thumbs-up.svg","1"
"https://lft1.pietcdn.de/dash/6f/2c/0e/,9c47dc325a96463678f83e182c496fc0,956c952686bee01d0602f05bd5460765,f5715f22ffee64599dbcd1fc09594616,1c0c2f351e996e26e752b36ec04b2aff,f677324e66820465d1428d53a7f572ba,bfda58408f95542e6bbf40d7fe4cd053,a5e507ed71193c2fee7c631fc97ca2aa,.mp4.us/f-19-f1-a1-x3.m4s","1"
"https://www.pietsmiet.de/api/v1/utility/player","1"
"https://www.pietsmiet.de/dist/shared/ionicons/svg/trending-up.svg","1"
"https://www.pietsmiet.de/img/a2c8fd7dcf592b657e7e5c428a760b8b2fbbd10c.jpg","1"
"https://lft1.pietcdn.de/dash/6f/2c/0e/,9c47dc325a96463678f83e182c496fc0,956c952686bee01d0602f05bd5460765,f5715f22ffee64599dbcd1fc09594616,1c0c2f351e996e26e752b36ec04b2aff,f677324e66820465d1428d53a7f572ba,bfda58408f95542e6bbf40d7fe4cd053,a5e507ed71193c2fee7c631fc97ca2aa,.mp4.us/f-22-f1-v1-x3.m4s","1"
"https://lft1.pietcdn.de/dash/6f/2c/0e/,9c47dc325a96463678f83e182c496fc0,956c952686bee01d0602f05bd5460765,f5715f22ffee64599dbcd1fc09594616,1c0c2f351e996e26e752b36ec04b2aff,f677324e66820465d1428d53a7f572ba,bfda58408f95542e6bbf40d7fe4cd053,a5e507ed71193c2fee7c631fc97ca2aa,.mp4.us/f-4-f1-v1-x3.m4s","1"
"https://lft1.pietcdn.de/dash/6f/2c/0e/,9c47dc325a96463678f83e182c496fc0,956c952686bee01d0602f05bd5460765,f5715f22ffee64599dbcd1fc09594616,1c0c2f351e996e26e752b36ec04b2aff,f677324e66820465d1428d53a7f572ba,bfda58408f95542e6bbf40d7fe4cd053,a5e507ed71193c2fee7c631fc97ca2aa,.mp4.us/f-14-f1-a1-x3.m4s","1"
"https://www.pietsmiet.de/","1"
"https://lft1.pietcdn.de/dash/6f/2c/0e/,9c47dc325a96463678f83e182c496fc0,956c952686bee01d0602f05bd5460765,f5715f22ffee64599dbcd1fc09594616,1c0c2f351e996e26e752b36ec04b2aff,f677324e66820465d1428d53a7f572ba,bfda58408f95542e6bbf40d7fe4cd053,a5e507ed71193c2fee7c631fc97ca2aa,.mp4.us/f-11-f1-v1-x3.m4s","1"
"https://lft1.pietcdn.de/dash/6f/2c/0e/,9c47dc325a96463678f83e182c496fc0,956c952686bee01d0602f05bd5460765,f5715f22ffee64599dbcd1fc09594616,1c0c2f351e996e26e752b36ec04b2aff,f677324e66820465d1428d53a7f572ba,bfda58408f95542e6bbf40d7fe4cd053,a5e507ed71193c2fee7c631fc97ca2aa,.mp4.us/f-24-f1-v1-x3.m4s","1"
"https://www.pietsmiet.de/dist/pietsmiet/js/components-comments.js","1"
"https://www.pietsmiet.de/dist/pietsmiet/js/components-polls.js","1"
"https://www.pietsmiet.de/dist/shared/ionicons/svg/settings.svg","1"
"https://www.pietsmiet.de/dist/shared/ionicons/svg/logo-rss.svg","1"
"https://www.pietsmiet.de/auth/login","1"
"https://unpkg.com/ionicons@5.5.2/dist/ionicons/p-5c60b45e.entry.js","1"
"https://www.pietsmiet.de/assets/ivw/gs_network_vertical_300.png","1"
"https://www.pietsmiet.de/dist/pietsmiet/js/components-action-bar.js","1"
"https://lft1.pietcdn.de/dash/6f/2c/0e/,9c47dc325a96463678f83e182c496fc0,956c952686bee01d0602f05bd5460765,f5715f22ffee64599dbcd1fc09594616,1c0c2f351e996e26e752b36ec04b2aff,f677324e66820465d1428d53a7f572ba,bfda58408f95542e6bbf40d7fe4cd053,a5e507ed71193c2fee7c631fc97ca2aa,.mp4.us/f-21-f1-v1-x3.m4s","1"
"https://www.pietsmiet.de/dist/shared/ionicons/ionicons.esm.js","1"
"https://lft1.pietcdn.de/dash/6f/2c/0e/,9c47dc325a96463678f83e182c496fc0,956c952686bee01d0602f05bd5460765,f5715f22ffee64599dbcd1fc09594616,1c0c2f351e996e26e752b36ec04b2aff,f677324e66820465d1428d53a7f572ba,bfda58408f95542e6bbf40d7fe4cd053,a5e507ed71193c2fee7c631fc97ca2aa,.mp4.us/f-2-f1-a1-x3.m4s","1"
"https://www.pietsmiet.de/img/470bb5cb7c6768895fae9ccded8014b9aba62b41.jpg","1"
"https://lft1.pietcdn.de/dash/6f/2c/0e/,9c47dc325a96463678f83e182c496fc0,956c952686bee01d0602f05bd5460765,f5715f22ffee64599dbcd1fc09594616,1c0c2f351e996e26e752b36ec04b2aff,f677324e66820465d1428d53a7f572ba,bfda58408f95542e6bbf40d7fe4cd053,a5e507ed71193c2fee7c631fc97ca2aa,.mp4.us/f-10-f1-v1-x3.m4s","1"
"https://www.pietsmiet.de/dist/shared/ionicons/svg/eye.svg","1"
"https://www.pietsmiet.de/img/c853dc9fdbef9e6f9b17ac9110a47b0bb76729a6.jpg","1"
"https://www.pietsmiet.de/assets/player/cinema-green.svg","1"
"https://lft1.pietcdn.de/dash/6f/2c/0e/,9c47dc325a96463678f83e182c496fc0,956c952686bee01d0602f05bd5460765,f5715f22ffee64599dbcd1fc09594616,1c0c2f351e996e26e752b36ec04b2aff,f677324e66820465d1428d53a7f572ba,bfda58408f95542e6bbf40d7fe4cd053,a5e507ed71193c2fee7c631fc97ca2aa,.mp4.us/f-22-f1-a1-x3.m4s","1"
"https://www.pietsmiet.de/dist/shared/ionicons/svg/log-in.svg","1"
"https://www.pietsmiet.de/img/9c8469e555df5315a83ea6e409340d73b8b4bd33.jpg","1"
"https://www.pietsmiet.de/api/v1/tags","1"
"https://www.pietsmiet.de/img/8a5a66e82b58a4800195f5056ef4b047c85d986e.jpg","1"
"https://www.pietsmiet.de/img/52977cd8710b4db9ae1bcde54b9227f648519c2f.jpg","1"
"https://www.pietsmiet.de/dist/shared/ionicons/svg/mic.svg","1"
"https://lft1.pietcdn.de/dash/6f/2c/0e/,9c47dc325a96463678f83e182c496fc0,956c952686bee01d0602f05bd5460765,f5715f22ffee64599dbcd1fc09594616,1c0c2f351e996e26e752b36ec04b2aff,f677324e66820465d1428d53a7f572ba,bfda58408f95542e6bbf40d7fe4cd053,a5e507ed71193c2fee7c631fc97ca2aa,.mp4.us/f-18-f1-v1-x3.m4s","1"
"https://www.pietsmiet.de/dist/shared/ionicons/svg/menu.svg","1"
"https://www.pietsmiet.de/dist/shared/ionicons/svg/videocam.svg","1"
"https://lft1.pietcdn.de/dash/6f/2c/0e/,9c47dc325a96463678f83e182c496fc0,956c952686bee01d0602f05bd5460765,f5715f22ffee64599dbcd1fc09594616,1c0c2f351e996e26e752b36ec04b2aff,f677324e66820465d1428d53a7f572ba,bfda58408f95542e6bbf40d7fe4cd053,a5e507ed71193c2fee7c631fc97ca2aa,.mp4.us/f-23-f1-a1-x3.m4s","1"
"https://www.pietsmiet.de/assets/placeholder-16-9.jpg","1"
"https://www.pietsmiet.de/img/09c2cba5e4f8eea30467b934675fd97fa5bf7baf.jpg","1"
"https://www.pietsmiet.de/assets/pietsmiet/brand/wordmark-plain-light-detail.svg","1"
"https://www.googletagservices.com/tag/js/gpt.js","1"
"https://lft1.pietcdn.de/dash/6f/2c/0e/,9c47dc325a96463678f83e182c496fc0,956c952686bee01d0602f05bd5460765,f5715f22ffee64599dbcd1fc09594616,1c0c2f351e996e26e752b36ec04b2aff,f677324e66820465d1428d53a7f572ba,bfda58408f95542e6bbf40d7fe4cd053,a5e507ed71193c2fee7c631fc97ca2aa,.mp4.us/f-12-f1-a1-x3.m4s","1"
"https://challenges.cloudflare.com/cdn-cgi/challenge-platform/h/g/pat/86ef0c9aacf61973/1712210125202/955ac352d191094ac750a2a922cd122cbee44b7dcb25dc8dd048b265e8abac9c/UIJPG_ngeWHsrc4","1"
"https://www.pietsmiet.de/img/6af90ea33e25439afb22effac774b5c300dd2208.jpg","1"
"https://www.pietsmiet.de/img/84c5e2906d897bbfaed09b74f1386e72b91f08ac.jpg","1"
"https://www.pietsmiet.de/img/726701d7f89d2abb454f148acfd7e1796c0a2b1a.jpg","1"
"https://lft1.pietcdn.de/dash/6f/2c/0e/,9c47dc325a96463678f83e182c496fc0,956c952686bee01d0602f05bd5460765,f5715f22ffee64599dbcd1fc09594616,1c0c2f351e996e26e752b36ec04b2aff,f677324e66820465d1428d53a7f572ba,bfda58408f95542e6bbf40d7fe4cd053,a5e507ed71193c2fee7c631fc97ca2aa,.mp4.us/f-12-f1-v1-x3.m4s","1"
"https://www.pietsmiet.de/api/v1/polls","1"
"https://www.pietsmiet.de/img/ac4a2a2bb08dbc3fce4a1b202fc5392675ae849f.jpg","1"
"https://lft1.pietcdn.de/dash/6f/2c/0e/,9c47dc325a96463678f83e182c496fc0,956c952686bee01d0602f05bd5460765,f5715f22ffee64599dbcd1fc09594616,1c0c2f351e996e26e752b36ec04b2aff,f677324e66820465d1428d53a7f572ba,bfda58408f95542e6bbf40d7fe4cd053,a5e507ed71193c2fee7c631fc97ca2aa,.mp4.us/f-16-f1-a1-x3.m4s","1"
"https://www.pietsmiet.de/img/6ba085bfee4e09e7b6e9f50c44f57548f7ae83ca.jpg","1"
"https://lft1.pietcdn.de/dash/6f/2c/0e/,9c47dc325a96463678f83e182c496fc0,956c952686bee01d0602f05bd5460765,f5715f22ffee64599dbcd1fc09594616,1c0c2f351e996e26e752b36ec04b2aff,f677324e66820465d1428d53a7f572ba,bfda58408f95542e6bbf40d7fe4cd053,a5e507ed71193c2fee7c631fc97ca2aa,.mp4.us/f-8-f1-a1-x3.m4s","1"
"https://lft1.pietcdn.de/dash/6f/2c/0e/,9c47dc325a96463678f83e182c496fc0,956c952686bee01d0602f05bd5460765,f5715f22ffee64599dbcd1fc09594616,1c0c2f351e996e26e752b36ec04b2aff,f677324e66820465d1428d53a7f572ba,bfda58408f95542e6bbf40d7fe4cd053,a5e507ed71193c2fee7c631fc97ca2aa,.mp4.us/f-7-f1-v1-x3.m4s","1"
"https://www.pietsmiet.de/img/8e66220a7df597f38731e85eedf4b77bb1253ca1.jpg","1"
"https://www.pietsmiet.de/img/6436a80a1f613d42092c7f979edc15f93941322a.jpg","1"
"https://www.pietsmiet.de/storage/images/twitch/custom-1054d231-837d-4136-bc7f-c13c25d861da-1280x720.jpeg","1"
"https://www.pietsmiet.de/dist/shared/ionicons/svg/gift.svg","1"
"https://lft1.pietcdn.de/dash/6f/2c/0e/,9c47dc325a96463678f83e182c496fc0,956c952686bee01d0602f05bd5460765,f5715f22ffee64599dbcd1fc09594616,1c0c2f351e996e26e752b36ec04b2aff,f677324e66820465d1428d53a7f572ba,bfda58408f95542e6bbf40d7fe4cd053,a5e507ed71193c2fee7c631fc97ca2aa,.mp4.us/f-23-f1-v1-x3.m4s","1"
"https://www.pietsmiet.de/dist/pietsmiet/js/components-modals.js","1"
"https://www.pietsmiet.de/img/5918863ce62f029052164d789288a4219e178808.jpg","1"
"https://www.pietsmiet.de/api/v1/headlines","1"
"https://lft1.pietcdn.de/dash/6f/2c/0e/,9c47dc325a96463678f83e182c496fc0,956c952686bee01d0602f05bd5460765,f5715f22ffee64599dbcd1fc09594616,1c0c2f351e996e26e752b36ec04b2aff,f677324e66820465d1428d53a7f572ba,bfda58408f95542e6bbf40d7fe4cd053,a5e507ed71193c2fee7c631fc97ca2aa,.mp4.us/f-17-f1-v1-x3.m4s","1"
"https://www.pietsmiet.de/dist/shared/ionicons/svg/pulse.svg","1"
"https://data-c53e1346fa.pietsmiet.de/iomm/latest/manager/base/es6/bundle.js","1"
"https://www.pietsmiet.de/img/534153866503db17450b144f6314569420d75b44.jpg","1"
"https://unpkg.com/ionicons@5.5.2/dist/ionicons/svg/logo-discord.svg","1"
"https://lft1.pietcdn.de/dash/6f/2c/0e/,9c47dc325a96463678f83e182c496fc0,956c952686bee01d0602f05bd5460765,f5715f22ffee64599dbcd1fc09594616,1c0c2f351e996e26e752b36ec04b2aff,f677324e66820465d1428d53a7f572ba,bfda58408f95542e6bbf40d7fe4cd053,a5e507ed71193c2fee7c631fc97ca2aa,.mp4.us/f-6-f1-v1-x3.m4s","1"
"https://www.pietsmiet.de/api/v1/utility/comments","1"
"https://lft1.pietcdn.de/dash/6f/2c/0e/,9c47dc325a96463678f83e182c496fc0,956c952686bee01d0602f05bd5460765,f5715f22ffee64599dbcd1fc09594616,1c0c2f351e996e26e752b36ec04b2aff,f677324e66820465d1428d53a7f572ba,bfda58408f95542e6bbf40d7fe4cd053,a5e507ed71193c2fee7c631fc97ca2aa,.mp4.us/f-9-f1-a1-x3.m4s","1"
"https://c.amazon-adsystem.com/aax2/apstag.js","1"
"https://www.pietsmiet.de/img/8e9397279b8372f7cd9a9bc58153d39153d146be.jpg","1"
"https://www.pietsmiet.de/dist/pietsmiet/js/components-tags.js","1"
"https://lft1.pietcdn.de/dash/6f/2c/0e/,9c47dc325a96463678f83e182c496fc0,956c952686bee01d0602f05bd5460765,f5715f22ffee64599dbcd1fc09594616,1c0c2f351e996e26e752b36ec04b2aff,f677324e66820465d1428d53a7f572ba,bfda58408f95542e6bbf40d7fe4cd053,a5e507ed71193c2fee7c631fc97ca2aa,.mp4.us/f-9-f1-v1-x3.m4s","1"
"https://www.pietsmiet.de/dist/pietsmiet/js/components-players.js","1"
"https://lft1.pietcdn.de/dash/6f/2c/0e/,9c47dc325a96463678f83e182c496fc0,956c952686bee01d0602f05bd5460765,f5715f22ffee64599dbcd1fc09594616,1c0c2f351e996e26e752b36ec04b2aff,f677324e66820465d1428d53a7f572ba,bfda58408f95542e6bbf40d7fe4cd053,a5e507ed71193c2fee7c631fc97ca2aa,.mp4.us/f-24-f1-a1-x3.m4s","1"
"https://www.pietsmiet.de/img/81c9069961012fb65df055b36965ae2288d2216f.jpg","1"
"https://unpkg.com/ionicons@5.5.2/dist/ionicons/p-3f680f7e.js","1"
"https://www.pietsmiet.de/assets/pietsmiet/brand/wordmark-slogan-light-detail.svg","1"
"https://www.pietsmiet.de/assets/pietsmiet/brand/wordmark-slogan-dark-detail.svg","1"
"https://www.pietsmiet.de/dist/pietsmiet/js/757.js","1"
"https://www.pietsmiet.de/api/v1/podcast/categories","1"
"https://www.pietsmiet.de/dist/shared/ionicons/svg/chatbox.svg","1"
"https://www.pietsmiet.de/dist/shared/ionicons/svg/time.svg","1"
"https://www.pietsmiet.de/api/v1/videos/78688","1"
"https://www.pietsmiet.de/img/7537837b84a716c2a9803c93e15ee8997232122c.jpg","1"
"https://unpkg.com/ionicons@5.5.2/dist/ionicons/svg/logo-twitch.svg","1"
"https://www.pietsmiet.de/img/e201ad2dbbb4f369966f18e316ade640420a2ff1.jpg","1"
"https://www.pietsmiet.de/api/v1/news/articles","1"
"https://lft1.pietcdn.de/dash/6f/2c/0e/,9c47dc325a96463678f83e182c496fc0,956c952686bee01d0602f05bd5460765,f5715f22ffee64599dbcd1fc09594616,1c0c2f351e996e26e752b36ec04b2aff,f677324e66820465d1428d53a7f572ba,bfda58408f95542e6bbf40d7fe4cd053,a5e507ed71193c2fee7c631fc97ca2aa,.mp4.us/f-14-f1-v1-x3.m4s","1"
"https://www.pietsmiet.de/api/v1/podcast/episodes","1"
"https://www.pietsmiet.de/api/v1/videos/78688/next","1"
"https://lft1.pietcdn.de/dash/6f/2c/0e/,9c47dc325a96463678f83e182c496fc0,956c952686bee01d0602f05bd5460765,f5715f22ffee64599dbcd1fc09594616,1c0c2f351e996e26e752b36ec04b2aff,f677324e66820465d1428d53a7f572ba,bfda58408f95542e6bbf40d7fe4cd053,a5e507ed71193c2fee7c631fc97ca2aa,.mp4.us/i-f1-a1-x3.mp4","1"
"https://lft1.pietcdn.de/dash/6f/2c/0e/,9c47dc325a96463678f83e182c496fc0,956c952686bee01d0602f05bd5460765,f5715f22ffee64599dbcd1fc09594616,1c0c2f351e996e26e752b36ec04b2aff,f677324e66820465d1428d53a7f572ba,bfda58408f95542e6bbf40d7fe4cd053,a5e507ed71193c2fee7c631fc97ca2aa,.mp4.us/dmf.mpd","1"
"https://lft1.pietcdn.de/dash/6f/2c/0e/,9c47dc325a96463678f83e182c496fc0,956c952686bee01d0602f05bd5460765,f5715f22ffee64599dbcd1fc09594616,1c0c2f351e996e26e752b36ec04b2aff,f677324e66820465d1428d53a7f572ba,bfda58408f95542e6bbf40d7fe4cd053,a5e507ed71193c2fee7c631fc97ca2aa,.mp4.us/f-10-f1-a1-x3.m4s","1"
"https://www.pietsmiet.de/dist/shared/ionicons/svg/play.svg","1"
"https://challenges.cloudflare.com/cdn-cgi/challenge-platform/h/g/beacon/ov1/1432635141:1712208668:s72MkL8lIkksarjQYF2gGhb_24Rl_E9r52JkQY9IhQo/86ef0c2dde6b1973/87610bbd8015634/chl_api_m","1"
"https://www.pietsmiet.de/assets/pietsmiet/placeholder-1-1.jpg","1"
"https://lft1.pietcdn.de/dash/6f/2c/0e/,9c47dc325a96463678f83e182c496fc0,956c952686bee01d0602f05bd5460765,f5715f22ffee64599dbcd1fc09594616,1c0c2f351e996e26e752b36ec04b2aff,f677324e66820465d1428d53a7f572ba,bfda58408f95542e6bbf40d7fe4cd053,a5e507ed71193c2fee7c631fc97ca2aa,.mp4.us/f-16-f1-v1-x3.m4s","1"
"https://lft1.pietcdn.de/dash/6f/2c/0e/,9c47dc325a96463678f83e182c496fc0,956c952686bee01d0602f05bd5460765,f5715f22ffee64599dbcd1fc09594616,1c0c2f351e996e26e752b36ec04b2aff,f677324e66820465d1428d53a7f572ba,bfda58408f95542e6bbf40d7fe4cd053,a5e507ed71193c2fee7c631fc97ca2aa,.mp4.us/f-17-f1-a1-x3.m4s","1"
"https://www.pietsmiet.de/dist/shared/ionicons/svg/star.svg","1"
"https://www.pietsmiet.de/img/6c8284b0594f3ebdb586b396a721f66f28e7a7e4.jpg","1"
"https://challenges.cloudflare.com/turnstile/v0/g/dc6b543c1346/api.js","1"
"https://unpkg.com/ionicons@5.5.2/dist/ionicons/p-e26ac56f.js","1"
"https://www.pietsmiet.de/dist/shared/ionicons/p-5c60b45e.entry.js","1"
"https://www.pietsmiet.de/img/1bc450716ebc6160aff67bc52bffc92380a0265c.jpg","1"
"https://lft1.pietcdn.de/dash/6f/2c/0e/,9c47dc325a96463678f83e182c496fc0,956c952686bee01d0602f05bd5460765,f5715f22ffee64599dbcd1fc09594616,1c0c2f351e996e26e752b36ec04b2aff,f677324e66820465d1428d53a7f572ba,bfda58408f95542e6bbf40d7fe4cd053,a5e507ed71193c2fee7c631fc97ca2aa,.mp4.us/f-5-f1-a1-x3.m4s","1"
"https://www.pietsmiet.de/img/de2600d6725484c62411adccc9c93da76556ceee.jpg","1"
"https://www.pietsmiet.de/dist/pietsmiet/js/components-secondary.js","1"
"https://www.pietsmiet.de/dist/shared/ionicons/svg/refresh.svg","1"
"https://lft1.pietcdn.de/dash/6f/2c/0e/,9c47dc325a96463678f83e182c496fc0,956c952686bee01d0602f05bd5460765,f5715f22ffee64599dbcd1fc09594616,1c0c2f351e996e26e752b36ec04b2aff,f677324e66820465d1428d53a7f572ba,bfda58408f95542e6bbf40d7fe4cd053,a5e507ed71193c2fee7c631fc97ca2aa,.mp4.us/f-13-f1-a1-x3.m4s","1"
"https://www.pietsmiet.de/dist/shared/ionicons/svg/thumbs-down.svg","1"
"https://www.pietsmiet.de/img/4ec14bab3064772013c51528dd38f85b561e139f.jpg","1"
"https://www.google-analytics.com/analytics.js","1"
